<?xml version="1.0" encoding="utf-8"?>
<manifest identifier="_61OEkKQEDfS_course_id" version="1.0" xmlns="http://www.imsproject.org/xsd/imscp_rootv1p1p2" xmlns:adlcp="http://www.adlnet.org/xsd/adlcp_rootv1p2" xmlns:xsi="http://www.w3.org/2001/XMLSchema-instance" xsi:schemaLocation="http://www.imsproject.org/xsd/imscp_rootv1p1p2 imscp_rootv1p1p2.xsd http://www.imsglobal.org/xsd/imsmd_rootv1p2p1 imsmd_rootv1p2p1.xsd http://www.adlnet.org/xsd/adlcp_rootv1p2 adlcp_rootv1p2.xsd">
  <metadata>
    <schema>ADL SCORM</schema>
    <schemaversion>1.2</schemaversion>
    <lom xmlns="http://www.imsglobal.org/xsd/imsmd_rootv1p2p1" xmlns:xsi="http://www.w3.org/2001/XMLSchema-instance" xsi:schemaLocation="http://www.imsglobal.org/xsd/imsmd_rootv1p2p1 imsmd_rootv1p2p1.xsd">
      <general>
        <title>
          <langstring xml:lang="x-none">Benefits and Challenges of Online Teaching and Learning</langstring>
        </title>
      </general>
      <lifecycle>
        <version>
          <langstring xml:lang="x-none">1</langstring>
        </version>
        <status>
          <source>
            <langstring xml:lang="x-none">LOMv1.0</langstring>
          </source>
          <value>
            <langstring xml:lang="x-none">Final</langstring>
          </value>
        </status>
      </lifecycle>
      <metametadata>
        <metadatascheme>ADL SCORM 1.2</metadatascheme>
      </metametadata>
      <educational>
        <typicallearningtime>
          <datetime>PT0H0M0S</datetime>
        </typicallearningtime>
      </educational>
      <rights>
        <cost>
          <source>
            <langstring xml:lang="x-none">LOMv1.0</langstring>
          </source>
          <value>
            <langstring xml:lang="x-none">yes</langstring>
          </value>
        </cost>
        <copyrightandotherrestrictions>
          <source>
            <langstring xml:lang="x-none">LOMv1.0</langstring>
          </source>
          <value>
            <langstring xml:lang="x-none">yes</langstring>
          </value>
        </copyrightandotherrestrictions>
      </rights>
    </lom>
  </metadata>
  <organizations default="Benefits_and_Challenges_of_Online_Teaching_and_Learning_ORG">
    <organization identifier="Benefits_and_Challenges_of_Online_Teaching_and_Learning_ORG">
      <title>Benefits and Challenges of Online Teaching and Learning</title>
      <item identifier="Benefits_and_Challenges_SCO" isvisible="true" identifierref="__61OEkKQEDfS_course_id_RES">
        <title>Benefits and Challenges</title>
      </item>
    </organization>
  </organizations>
  <resources>
    <resource identifier="__61OEkKQEDfS_course_id_RES" type="webcontent" href="index_lms.html" adlcp:scormtype="sco">
      <file href="story_content/thumbnail.jpg" />
      <file href="story_content/5xmgRUU0rOS_22050_48.mp3" />
      <file href="story_content/5uAqVKLWe0d_80_DX176_DY176.swf" />
      <file href="mobile/5uAqVKLWe0d_80_DX176_DY176_CX88_CY31.png" />
      <file href="mobile/5uAqVKLWe0d_80_DX176_DY176_CX88_CY31.swf" />
      <file href="story_content/6msPt0wRaCl_22050_48.mp3" />
      <file href="story_content/6iSzZ7ulRVq_80_DX400_DY400.swf" />
      <file href="mobile/6iSzZ7ulRVq_80_DX400_DY400_CX200_CY200.png" />
      <file href="mobile/6iSzZ7ulRVq_80_DX400_DY400_CX200_CY200.swf" />
      <file href="story_content/6roP8iPegUP_22050_48.mp3" />
      <file href="story_content/5kRf9m0kNxR_80_DX464_DY464.jpg" />
      <file href="mobile/5kRf9m0kNxR_80_DX464_DY464_CX217_CY232.jpg" />
      <file href="story_content/5vy393lUy8t_80_DX1440_DY1440.swf" />
      <file href="mobile/5vy393lUy8t_80_DX1440_DY1440_CX720_CY540.png" />
      <file href="mobile/5vy393lUy8t_80_DX1440_DY1440_CX720_CY540.swf" />
      <file href="story_content/6UvsfIriRSF_22050_48.mp3" />
      <file href="story_content/Shape68DnTA42sQU.swf" />
      <file href="story_content/68EoEeOJnY1_22050_48.mp3" />
      <file href="story_content/6T1a3dx6zS8_80_DX490_DY490.swf" />
      <file href="mobile/6T1a3dx6zS8_80_DX490_DY490_CX163_CY245.png" />
      <file href="mobile/6T1a3dx6zS8_80_DX490_DY490_CX163_CY245.swf" />
      <file href="story_content/5ZGSxsjxii3_80_DX1440_DY1440.swf" />
      <file href="mobile/5ZGSxsjxii3_80_DX1440_DY1440_CX720_CY540.png" />
      <file href="mobile/5ZGSxsjxii3_80_DX1440_DY1440_CX720_CY540.swf" />
      <file href="story_content/6bWXuWukzHj_22050_48.mp3" />
      <file href="story_content/Shape6SnEAOAd39f.swf" />
      <file href="story_content/6MYtSJpUKzo_22050_48.mp3" />
      <file href="story_content/6oQhFmTPlyc_22050_48.mp3" />
      <file href="story_content/txt__default_6cIT9oln5ZY.swf" />
      <file href="story_content/txt__default_62oNRfBHHTJ.swf" />
      <file href="story_content/txt__default_6NSBpoOlyk8.swf" />
      <file href="story_content/txt__default_6hlxqqQ96fC.swf" />
      <file href="story_content/68JCh5YShLd_22050_48.mp3" />
      <file href="story_content/txt__default_6UrBQVOSwbC.swf" />
      <file href="story_content/txt__default_5ePZpPK6zgo.swf" />
      <file href="story_content/txt__default_6W3eZDR5MIc.swf" />
      <file href="story_content/txt__default_5pyfiP7v4Er.swf" />
      <file href="story_content/6Refx38jeJb_22050_48.mp3" />
      <file href="story_content/txt__default_5eeCVgnctko.swf" />
      <file href="story_content/txt__default_6aInJlebnnf.swf" />
      <file href="story_content/txt__default_6795GwFwHH8.swf" />
      <file href="story_content/txt__default_6qMQwKJ9Gj1.swf" />
      <file href="story_content/5pV7lfvYdJV_22050_48.mp3" />
      <file href="story_content/txt__default_5WZ40TA0zuW.swf" />
      <file href="story_content/txt__default_6Xjl4qox8jn.swf" />
      <file href="story_content/txt__default_5jgCA9IjwI5.swf" />
      <file href="story_content/txt__default_5xnlRy4mXzV.swf" />
      <file href="story_content/6keqUVIoSLz_22050_48.mp3" />
      <file href="story_content/txt__default_63ffL3ACRYP.swf" />
      <file href="story_content/txt__default_6TzNRDtmvag.swf" />
      <file href="story_content/txt__default_6nMki5d9wwV.swf" />
      <file href="story_content/txt__default_6PATwX6WCss.swf" />
      <file href="story_content/67P2FpByvBQ_22050_48.mp3" />
      <file href="mobile/6T1a3dx6zS8_80_DX490_DY490_CX147_CY220.png" />
      <file href="mobile/6T1a3dx6zS8_80_DX490_DY490_CX147_CY220.swf" />
      <file href="story_content/5pSKHM9zOO4_22050_48.mp3" />
      <file href="story_content/txt__default_6RkR6JjFtxA.swf" />
      <file href="story_content/txt__default_5t49u67aOax.swf" />
      <file href="story_content/txt__default_61m380uQ2Hm.swf" />
      <file href="story_content/txt__default_5kN55sMOsL5.swf" />
      <file href="story_content/5vuVWHPZ1ra_22050_48.mp3" />
      <file href="story_content/txt__default_5bgf528l3yq.swf" />
      <file href="story_content/txt__default_6HBnQeuRk7n.swf" />
      <file href="story_content/txt__default_66Mln0MZU9O.swf" />
      <file href="story_content/txt__default_5svhyODMVsj.swf" />
      <file href="story_content/6G7f96RZqmB_22050_48.mp3" />
      <file href="story_content/txt__default_6OTzkjAMOHj.swf" />
      <file href="story_content/txt__default_5ZZEqAZlqpH.swf" />
      <file href="story_content/txt__default_6aElMsJLljN.swf" />
      <file href="story_content/txt__default_6U1gwSUmpGm.swf" />
      <file href="story_content/5ZI4IvMx18M_22050_48.mp3" />
      <file href="story_content/txt__default_6f9ZZ3IyA6H.swf" />
      <file href="story_content/txt__default_6FOBU5bsEaj.swf" />
      <file href="story_content/txt__default_6RRyZXpnhH3.swf" />
      <file href="story_content/txt__default_6F3qo65RxQ9.swf" />
      <file href="story_content/6D7opi8Stf2_22050_48.mp3" />
      <file href="story_content/txt__default_6VRuKat0Lnq.swf" />
      <file href="story_content/txt__default_6gdEbONmO87.swf" />
      <file href="story_content/txt__default_6cXsZqD0HcW.swf" />
      <file href="story_content/txt__default_61J7uiYU4Ks.swf" />
      <file href="story_content/5shCuH3r2Ld_80_DX1440_DY1440.swf" />
      <file href="mobile/5shCuH3r2Ld_80_DX1440_DY1440_CX720_CY540.png" />
      <file href="mobile/5shCuH3r2Ld_80_DX1440_DY1440_CX720_CY540.swf" />
      <file href="story_content/5ZI42ckMjWf_22050_48.mp3" />
      <file href="story_content/Shape6MN2HGD0USn.swf" />
      <file href="story_content/6nAJOJCQQIr_22050_48.mp3" />
      <file href="story_content/5h6w6H7HhYR_22050_48.mp3" />
      <file href="meta.xml" />
      <file href="story_content/url.png" />
      <file href="story_content/frame.xml" />
      <file href="story_content/frame.js" />
      <file href="story_content/user.js" />
      <file href="mobile/app_store.png" />
      <file href="mobile/mobile_icon.png" />
      <file href="mobile/linen_background.jpg" />
      <file href="story_html5.html" />
      <file href="story_unsupported.html" />
      <file href="mobile/Shape68DnTA42sQU.png" />
      <file href="mobile/Shape6SnEAOAd39f.png" />
      <file href="mobile/txt__default_6cIT9oln5ZY.png" />
      <file href="mobile/txt__default_62oNRfBHHTJ.png" />
      <file href="mobile/txt__default_6NSBpoOlyk8.png" />
      <file href="mobile/txt__default_6hlxqqQ96fC.png" />
      <file href="mobile/txt__default_6UrBQVOSwbC.png" />
      <file href="mobile/txt__default_5ePZpPK6zgo.png" />
      <file href="mobile/txt__default_6W3eZDR5MIc.png" />
      <file href="mobile/txt__default_5pyfiP7v4Er.png" />
      <file href="mobile/txt__default_5eeCVgnctko.png" />
      <file href="mobile/txt__default_6aInJlebnnf.png" />
      <file href="mobile/txt__default_6795GwFwHH8.png" />
      <file href="mobile/txt__default_6qMQwKJ9Gj1.png" />
      <file href="mobile/txt__default_5WZ40TA0zuW.png" />
      <file href="mobile/txt__default_6Xjl4qox8jn.png" />
      <file href="mobile/txt__default_5jgCA9IjwI5.png" />
      <file href="mobile/txt__default_5xnlRy4mXzV.png" />
      <file href="mobile/txt__default_63ffL3ACRYP.png" />
      <file href="mobile/txt__default_6TzNRDtmvag.png" />
      <file href="mobile/txt__default_6nMki5d9wwV.png" />
      <file href="mobile/txt__default_6PATwX6WCss.png" />
      <file href="mobile/txt__default_6RkR6JjFtxA.png" />
      <file href="mobile/txt__default_5t49u67aOax.png" />
      <file href="mobile/txt__default_61m380uQ2Hm.png" />
      <file href="mobile/txt__default_5kN55sMOsL5.png" />
      <file href="mobile/txt__default_5bgf528l3yq.png" />
      <file href="mobile/txt__default_6HBnQeuRk7n.png" />
      <file href="mobile/txt__default_66Mln0MZU9O.png" />
      <file href="mobile/txt__default_5svhyODMVsj.png" />
      <file href="mobile/txt__default_6OTzkjAMOHj.png" />
      <file href="mobile/txt__default_5ZZEqAZlqpH.png" />
      <file href="mobile/txt__default_6aElMsJLljN.png" />
      <file href="mobile/txt__default_6U1gwSUmpGm.png" />
      <file href="mobile/txt__default_6f9ZZ3IyA6H.png" />
      <file href="mobile/txt__default_6FOBU5bsEaj.png" />
      <file href="mobile/txt__default_6RRyZXpnhH3.png" />
      <file href="mobile/txt__default_6F3qo65RxQ9.png" />
      <file href="mobile/txt__default_6VRuKat0Lnq.png" />
      <file href="mobile/txt__default_6gdEbONmO87.png" />
      <file href="mobile/txt__default_6cXsZqD0HcW.png" />
      <file href="mobile/txt__default_61J7uiYU4Ks.png" />
      <file href="mobile/Shape6MN2HGD0USn.png" />
      <file href="mobile/controls.png" />
      <file href="mobile/icon_loading.gif" />
      <file href="mobile/player.css" />
      <file href="mobile/player_compiled.js" />
      <file href="mobile/spinner.png" />
      <file href="mobile/storyline_compiled.js" />
      <file href="mobile/wait.gif" />
      <file href="story_content/fonts.swf" />
      <file href="story_content/fonts.xml" />
      <file href="mobile/fonts.js" />
      <file href="story.swf" />
      <file href="story_content/frame.swf" />
      <file href="story_content/slides/5ilB21HHl6w.swf" />
      <file href="mobile/slides/5ilB21HHl6w.gz" />
      <file href="mobile/slides/5ilB21HHl6w.js" />
      <file href="story_content/slides/6TpxsPzi75i.swf" />
      <file href="mobile/slides/6TpxsPzi75i.gz" />
      <file href="mobile/slides/6TpxsPzi75i.js" />
      <file href="story_content/slides/5XiuOgpCJdZ.swf" />
      <file href="mobile/slides/5XiuOgpCJdZ.gz" />
      <file href="mobile/slides/5XiuOgpCJdZ.js" />
      <file href="story_content/slides/5sNucsRh89J.swf" />
      <file href="mobile/slides/5sNucsRh89J.gz" />
      <file href="mobile/slides/5sNucsRh89J.js" />
      <file href="story_content/slides/68nALZARIoE.swf" />
      <file href="mobile/slides/68nALZARIoE.gz" />
      <file href="mobile/slides/68nALZARIoE.js" />
      <file href="story_content/slides/5r7Uf3pC2ih.swf" />
      <file href="mobile/slides/5r7Uf3pC2ih.gz" />
      <file href="mobile/slides/5r7Uf3pC2ih.js" />
      <file href="story_content/slides/6NvxB1iFjq7.swf" />
      <file href="mobile/slides/6NvxB1iFjq7.gz" />
      <file href="mobile/slides/6NvxB1iFjq7.js" />
      <file href="story_content/slides/6oaB7fLIGZo.swf" />
      <file href="mobile/slides/6oaB7fLIGZo.gz" />
      <file href="mobile/slides/6oaB7fLIGZo.js" />
      <file href="story_content/slides/69SXG3sMcx1.swf" />
      <file href="mobile/slides/69SXG3sMcx1.gz" />
      <file href="mobile/slides/69SXG3sMcx1.js" />
      <file href="story_content/slides/664xcbCNuae.swf" />
      <file href="mobile/slides/664xcbCNuae.gz" />
      <file href="mobile/slides/664xcbCNuae.js" />
      <file href="story_content/slides/6bmES2MfZAr.swf" />
      <file href="mobile/slides/6bmES2MfZAr.gz" />
      <file href="mobile/slides/6bmES2MfZAr.js" />
      <file href="story_content/slides/6DVs2CugK7l.swf" />
      <file href="mobile/slides/6DVs2CugK7l.gz" />
      <file href="mobile/slides/6DVs2CugK7l.js" />
      <file href="story_content/slides/5eld7OenvNc.swf" />
      <file href="mobile/slides/5eld7OenvNc.gz" />
      <file href="mobile/slides/5eld7OenvNc.js" />
      <file href="story_content/slides/5k4bpYtR0OY.swf" />
      <file href="mobile/slides/5k4bpYtR0OY.gz" />
      <file href="mobile/slides/5k4bpYtR0OY.js" />
      <file href="story_content/slides/6djn9CEfESK.swf" />
      <file href="mobile/slides/6djn9CEfESK.gz" />
      <file href="mobile/slides/6djn9CEfESK.js" />
      <file href="story_content/slides/6Ufm68E9s9R.swf" />
      <file href="mobile/slides/6Ufm68E9s9R.gz" />
      <file href="mobile/slides/6Ufm68E9s9R.js" />
      <file href="story_content/slides/5gJHuzOgs4F.swf" />
      <file href="mobile/slides/5gJHuzOgs4F.gz" />
      <file href="mobile/slides/5gJHuzOgs4F.js" />
      <file href="story_content/slides/5mJCgTazKRr.swf" />
      <file href="mobile/slides/5mJCgTazKRr.gz" />
      <file href="mobile/slides/5mJCgTazKRr.js" />
      <file href="story_content/slides/5mi4gw1gpRI.swf" />
      <file href="mobile/slides/5mi4gw1gpRI.gz" />
      <file href="mobile/slides/5mi4gw1gpRI.js" />
      <file href="story_content/slides/6Su1NtlCNPb.swf" />
      <file href="mobile/slides/6Su1NtlCNPb.gz" />
      <file href="mobile/slides/6Su1NtlCNPb.js" />
      <file href="story_content/slides/681PEfiNsXy.swf" />
      <file href="mobile/slides/681PEfiNsXy.gz" />
      <file href="mobile/slides/681PEfiNsXy.js" />
      <file href="story_content/slides/6E4ezclkQyx.swf" />
      <file href="mobile/slides/6E4ezclkQyx.gz" />
      <file href="mobile/slides/6E4ezclkQyx.js" />
      <file href="story_content/slides/6f7kfJF8FsZ.swf" />
      <file href="mobile/slides/6f7kfJF8FsZ.gz" />
      <file href="mobile/slides/6f7kfJF8FsZ.js" />
      <file href="story_content/slides/6jODz5EBaiU.swf" />
      <file href="mobile/slides/6jODz5EBaiU.gz" />
      <file href="mobile/slides/6jODz5EBaiU.js" />
      <file href="story_content/data.swf" />
      <file href="mobile/data.gz" />
      <file href="mobile/data.js" />
      <file href="mobile/masks.js" />
      <file href="story.html" />
      <file href="index_lms_html5.html" />
      <file href="story_content/blank.html" />
      <file href="story_content/story.js" />
      <file href="ioslaunch.html" />
      <file href="mobile/mobileinstall.html" />
      <file href="index_lms.html" />
      <file href="lms/AICCComm.html" />
      <file href="lms/AICCFunctions.js" />
      <file href="lms/API.js" />
      <file href="lms/APIConstants.js" />
      <file href="lms/blank.html" />
      <file href="lms/browsersniff.js" />
      <file href="lms/Configuration.js" />
      <file href="lms/goodbye.html" />
      <file href="lms/lms.js" />
      <file href="lms/LMSAPI.js" />
      <file href="lms/NONEFunctions.js" />
      <file href="lms/SCORM2004Functions.js" />
      <file href="lms/SCORMFunctions.js" />
      <file href="lms/UtilityFunctions.js" />
    </resource>
  </resources>
</manifest>