<?xml version="1.0" encoding="utf-8"?>
<manifest identifier="_6QzKQw6BXJy_course_id" version="1.0" xmlns="http://www.imsproject.org/xsd/imscp_rootv1p1p2" xmlns:adlcp="http://www.adlnet.org/xsd/adlcp_rootv1p2" xmlns:xsi="http://www.w3.org/2001/XMLSchema-instance" xsi:schemaLocation="http://www.imsproject.org/xsd/imscp_rootv1p1p2 imscp_rootv1p1p2.xsd http://www.imsglobal.org/xsd/imsmd_rootv1p2p1 imsmd_rootv1p2p1.xsd http://www.adlnet.org/xsd/adlcp_rootv1p2 adlcp_rootv1p2.xsd">
  <metadata>
    <schema>ADL SCORM</schema>
    <schemaversion>1.2</schemaversion>
    <lom xmlns="http://www.imsglobal.org/xsd/imsmd_rootv1p2p1" xmlns:xsi="http://www.w3.org/2001/XMLSchema-instance" xsi:schemaLocation="http://www.imsglobal.org/xsd/imsmd_rootv1p2p1 imsmd_rootv1p2p1.xsd">
      <general>
        <title>
          <langstring xml:lang="x-none">Introduction</langstring>
        </title>
      </general>
      <lifecycle>
        <version>
          <langstring xml:lang="x-none">1</langstring>
        </version>
        <status>
          <source>
            <langstring xml:lang="x-none">LOMv1.0</langstring>
          </source>
          <value>
            <langstring xml:lang="x-none">Final</langstring>
          </value>
        </status>
      </lifecycle>
      <metametadata>
        <metadatascheme>ADL SCORM 1.2</metadatascheme>
      </metametadata>
      <educational>
        <typicallearningtime>
          <datetime>PT0H0M0S</datetime>
        </typicallearningtime>
      </educational>
      <rights>
        <cost>
          <source>
            <langstring xml:lang="x-none">LOMv1.0</langstring>
          </source>
          <value>
            <langstring xml:lang="x-none">yes</langstring>
          </value>
        </cost>
        <copyrightandotherrestrictions>
          <source>
            <langstring xml:lang="x-none">LOMv1.0</langstring>
          </source>
          <value>
            <langstring xml:lang="x-none">yes</langstring>
          </value>
        </copyrightandotherrestrictions>
      </rights>
    </lom>
  </metadata>
  <organizations default="Introduction_ORG">
    <organization identifier="Introduction_ORG">
      <title>Introduction</title>
      <item identifier="Introduction_SCO" isvisible="true" identifierref="__6QzKQw6BXJy_course_id_RES">
        <title>Introduction</title>
      </item>
    </organization>
  </organizations>
  <resources>
    <resource identifier="__6QzKQw6BXJy_course_id_RES" type="webcontent" href="index_lms.html" adlcp:scormtype="sco">
      <file href="story_content/thumbnail.jpg" />
      <file href="story_content/64vnjXMvE6F_22050_48.mp3" />
      <file href="story_content/6hJsg6I3Fup_80_DX176_DY176.swf" />
      <file href="mobile/6hJsg6I3Fup_80_DX176_DY176_CX88_CY31.png" />
      <file href="mobile/6hJsg6I3Fup_80_DX176_DY176_CX88_CY31.swf" />
      <file href="story_content/6AdXG2M3Yrs_22050_48.mp3" />
      <file href="story_content/6iSzZ7ulRVq_80_DX400_DY400.swf" />
      <file href="mobile/6iSzZ7ulRVq_80_DX400_DY400_CX200_CY200.png" />
      <file href="mobile/6iSzZ7ulRVq_80_DX400_DY400_CX200_CY200.swf" />
      <file href="meta.xml" />
      <file href="story_content/frame.xml" />
      <file href="story_content/frame.js" />
      <file href="story_content/user.js" />
      <file href="mobile/app_store.png" />
      <file href="mobile/mobile_icon.png" />
      <file href="mobile/linen_background.jpg" />
      <file href="story_html5.html" />
      <file href="story_unsupported.html" />
      <file href="mobile/controls.png" />
      <file href="mobile/icon_loading.gif" />
      <file href="mobile/player.css" />
      <file href="mobile/player_compiled.js" />
      <file href="mobile/spinner.png" />
      <file href="mobile/storyline_compiled.js" />
      <file href="mobile/wait.gif" />
      <file href="story_content/fonts.swf" />
      <file href="story_content/fonts.xml" />
      <file href="mobile/fonts.js" />
      <file href="story.swf" />
      <file href="story_content/frame.swf" />
      <file href="story_content/slides/5ilB21HHl6w.swf" />
      <file href="mobile/slides/5ilB21HHl6w.gz" />
      <file href="mobile/slides/5ilB21HHl6w.js" />
      <file href="story_content/slides/6SX17Yny06O.swf" />
      <file href="mobile/slides/6SX17Yny06O.gz" />
      <file href="mobile/slides/6SX17Yny06O.js" />
      <file href="story_content/data.swf" />
      <file href="mobile/data.gz" />
      <file href="mobile/data.js" />
      <file href="mobile/masks.js" />
      <file href="story.html" />
      <file href="index_lms_html5.html" />
      <file href="story_content/blank.html" />
      <file href="story_content/story.js" />
      <file href="ioslaunch.html" />
      <file href="mobile/mobileinstall.html" />
      <file href="index_lms.html" />
      <file href="lms/AICCComm.html" />
      <file href="lms/AICCFunctions.js" />
      <file href="lms/API.js" />
      <file href="lms/APIConstants.js" />
      <file href="lms/blank.html" />
      <file href="lms/browsersniff.js" />
      <file href="lms/Configuration.js" />
      <file href="lms/goodbye.html" />
      <file href="lms/lms.js" />
      <file href="lms/LMSAPI.js" />
      <file href="lms/NONEFunctions.js" />
      <file href="lms/SCORM2004Functions.js" />
      <file href="lms/SCORMFunctions.js" />
      <file href="lms/UtilityFunctions.js" />
    </resource>
  </resources>
</manifest>